Author,Title,Year,Journal,DOI,Reason for exclusion
"Zhao Y, Wang R, Li J, Zhang Y, Yang H",Analysis of the Transmissibility Change of 2019-Novel Coronavirus Pneumonia and Its Potential Factors in China from 2019 to 2020,2020,BioMed Research International,10.1155/2020/3842470,"Only assessment of effects of mobility or behavior, not of NPIs"
"Ferguson NM, Ainslie KEC, Walters CE, Fu H, Bhatia S, Wang H, Xi X, Baguelin M, Bhatt S, Boonyasiri A, Boyd O, Cattarino L, Ciavarella C, Cucunuba Z, Cuomo-Dannenburg G, Dighe A, Dorigatti I, van Elsland SL, FitzJohn R, Gaythorpe K, Ghani AC, Green W, Hamlet A, Hinsley W, Imai N, Jorgensen D, Knock E, Laydon D, Nedjati-Gilani G, Okell LC, Siveroni I, Thompson HA, Unwin HJT, Verity R, Vollmer M, Walker PGT, Wang Y, Watson OJ, Whittaker C, Winskill P, Donnelly CA, Riley S",Evidence of initial success for China exiting COVID-19 social distancing policy after achieving containment,2020,Wellcome Open Research,10.12688/wellcomeopenres.15843.1,"Only assessment of effects of mobility or behavior, not of NPIs"
"Rubin D, Huang J, Fisher BT, Gasparrini A, Tam V, Song L, Wang X, Kaufman J, Fitzpatrick K, Jain A, Griffis H, Crammer K, Morris J, Tasian G","Association of Social Distancing, Population Density, and Temperature with the Instantaneous Reproduction Number of SARS-CoV-2 in Counties across the United States",2020,JAMA Network Open,10.1001/jamanetworkopen.2020.16099,"Only assessment of effects of mobility or behavior, not of NPIs"
"Bryant P, Elofsson A",Estimating the impact of mobility patterns on COVID-19 infection rates in 11 European countries,2020,PeerJ,10.7717/peerj.9879,"Only assessment of effects of mobility or behavior, not of NPIs"
"Vokó Z, Pitter JG",The effect of social distance measures on COVID-19 epidemics in Europe: an interrupted time series analysis,2020,GeroScience,10.1007/s11357-020-00205-0,"Only assessment of effects of mobility or behavior, not of NPIs"
"Lai S, Ruktanonchai NW, Zhou L, Prosper O, Luo W, Floyd JR, Wesolowski A, Santillana M, Zhang C, Du X, Yu H, Tatem AJ",Effect of non-pharmaceutical interventions to contain COVID-19 in China,2020,Nature,10.1038/s41586-020-2293-x,"Only assessment of effects of mobility or behavior, not of NPIs"
"Durmus H, Gökler ME, Metintas S",The effectiveness of community-based social distancing for mitigating the spread of the COVID-19 pandemic in Turkey,2020,Journal of Preventive Medicine and Public Health,10.3961/JPMPH.20.381,"Only assessment of effects of mobility or behavior, not of NPIs"
"Unwin HJT, Mishra S, Bradley VC, Gandy A, Mellan TA, Coupland H, Ish-Horowicz J, Vollmer MAC, Whittaker C, Filippi SL, Xi X, Monod M, Ratmann O, Hutchinson M, Valka F, Zhu H, Hawryluk I, Milton P, Ainslie KEC, Baguelin M, Boonyasiri A, Brazeau NF, Cattarino L, Cucunuba Z, Cuomo-Dannenburg G, Dorigatti I, Eales OD, Eaton JW, van Elsland SL, FitzJohn RG, Gaythorpe KAM, Green W, Hinsley W, Jeffrey B, Knock E, Laydon DJ, Lees J, Nedjati-Gilani G, Nouvellet P, Okell L, Parag KV, Siveroni I, Thompson HA, Walker P, Walters CE, Watson OJ, Whittles LK, Ghani AC, Ferguson NM, Riley S, Donnelly CA, Bhatt S, Flaxman S",State-level tracking of COVID-19 in the United States,2020,Nature Communications,10.1038/s41467-020-19652-6,"Only assessment of effects of mobility or behavior, not of NPIs"
"Delen D, Eryarsoy E, Davazdahemami B",No place like home: Cross-national data analysis of the efficacy of social distancing during the COVID-19 pandemic,2020,JMIR Public Health and Surveillance,10.2196/19862,"Only assessment of effects of mobility or behavior, not of NPIs"
"Kain MP, Childs ML, Becker AD, Mordecai EA",Chopping the tail: How preventing superspreading can help to maintain COVID-19 control,2020,Epidemics,10.1016/j.epidem.2020.100430,"Only assessment of effects of mobility or behavior, not of NPIs"
"Yuan X, Hu K, Xu J, Zhang X, Bao W, Lynch CF, Zhang L",State heterogeneity in the associations of human mobility with COVID-19 epidemics in the European Union,2020,American Journal of Translational Research,not available,"Only assessment of effects of mobility or behavior, not of NPIs"
"Ogundokun RO, Lukman AF, Kibria GBM, Awotunde JB, Aladeitan BB",Predictive modelling of COVID-19 confirmed cases in Nigeria,2020,Infectious Disease Modelling,10.1016/j.idm.2020.08.003,"Only assessment of effects of mobility or behavior, not of NPIs"
"Morley CP, Anderson KB, Shaw J, Stewart T, Thomas SJ, Wang D",Social Distancing Metrics and Estimates of SARS-CoV-2 Transmission Rates: Associations Between Mobile Telephone Data Tracking and R,2020,Journal of Public Health Management and Practice,10.1097/PHH.0000000000001240,"Only assessment of effects of mobility or behavior, not of NPIs"
"Iacus SM, Santamaria C, Sermi F, Spyratos S, Tarchi D, Vespe M",Human mobility and COVID-19 initial dynamics,2020,Nonlinear Dynamics,10.1007/s11071-020-05854-6,"Only assessment of effects of mobility or behavior, not of NPIs"
"Loewenthal G, Abadi S, Avram O, Halabi K, Ecker N, Nagar N, Mayrose I, Pupko T",COVID-19 pandemic-related lockdown: response time is more important than its strictness,2020,Embo Molecular Medicine,10.15252/emmm.202013171,"Only assessment of effects of mobility or behavior, not of NPIs"
Borjas GJ,"Business closures, stay-at-home restrictions, and COVID-19 testing outcomes in New York City",2020,Preventing Chronic Disease,10.5888/PCD17.200264,"Only assessment of effects of mobility or behavior, not of NPIs"
"Loewenthal G, Abadi S, Avram O, Halabi K, Ecker N, Nagar N, Mayrose I, Pupko T",An evaluation of COVID-19 in Italy: A data-driven modeling analysis,2020,Infectious Disease Modelling,10.1016/j.idm.2020.06.007,Only simulation of NPI effects in hypothetical scenarios
"Valenti VE, de Lemos Menezes P, de Abreu ACG, Vieira GNA, Garner DM",Social distancing measures could have reduced estimated deaths related to COVID-19 in Brazil,2020,Journal of Human Growth and Development,10.7322/JHGD.V30.10360,Only simulation of NPI effects in hypothetical scenarios
"Casares M, Khan H",The timing and intensity of social distancing to flatten the COVID-19 curve: The case of Spain,2020,International Journal of Environmental Research and Public Health,10.3390/ijerph17197283,Only simulation of NPI effects in hypothetical scenarios
"Giachino M, Valera CBG, Velásquez SR, Dohrendorf-Wyss MA, Rozanova L, Flahault A",Understanding the dynamics of the covid-19 pandemic: A real-time analysis of switzerland’s first wave,2020,International Journal of Environmental Research and Public Health,10.3390/ijerph17238825,Use of results from other study
"Galbán-García E, Más-Bermejo P",COVID-19 in Cuba: Assessing the national response,2020,MEDICC Review,10.37757/MR2020.V22.N4.5,Use of results from other study
"Tsay C, Lejarza F, Stadtherr MA, Baldea M","Modeling, state estimation, and optimal control for the US COVID-19 outbreak",2020,Scientific reports,10.1038/s41598-020-67459-8,Only simulation of NPI effects in hypothetical scenarios
"Bajiya VP, Bugalia S, Tripathi JP",Mathematical modeling of COVID-19: Impact of non-pharmaceutical interventions in India,2020,Chaos,10.1063/5.0021353,Different research objective than assessment of NPI effects
"Zhou Y, Xu RZ, Hu DS, Yue Y, Li QQ, Xia JZ","Effects of human mobility restrictions on the spread of COVID-19 in Shenzhen, China: a modelling study using mobile phone data",2020,Lancet Digital Health,10.1016/S2589-7500(20)30165-5,Only simulation of NPI effects in hypothetical scenarios
"Lee W, Hwang SS, Song I, Park C, Kim H, Song IK, Choi HM, Prifti K, Kwon Y, Kim J, Oh S, Yang J, Cha M, Kim Y, Bell ML, Kim H",COVID-19 in South Korea: Epidemiological and spatiotemporal patterns of the spread and the role of aggressive diagnostic tests in the early phase,2020,International Journal of Epidemiology,10.1093/ije/dyaa119,Different research objective than assessment of NPI effects
"Adly HM, AlJahdali IA, Garout MA, Khafagy AA, Saati AA, Saleh SAK",Correlation of COVID-19 Pandemic with Healthcare System Response and Prevention Measures in Saudi Arabia,2020,International Journal of Environmental Research and Public Health,10.3390/ijerph17186666,Extraction not feasible due to quality issues
"Jang WM, Jang DH, Lee JY",Social Distancing and Transmission-reducing Practices during the 2019 Coronavirus Disease and 2015 Middle East Respiratory Syndrome Coronavirus Outbreaks in Korea,2020,Journal of Korean Medical Science,10.3346/jkms.2020.35.e220,"Only assessment of effects of mobility or behavior, not of NPIs"
"Min KD, Kang H, Lee JY, Jeon S, Cho SI",Estimating the effectiveness of non-pharmaceutical interventions on COVID-19 control in Korea,2020,Journal of Korean Medical Science,10.3346/JKMS.2020.35.E321,Only simulation of NPI effects in hypothetical scenarios
"Rui R, Tian M","Joint estimation of case fatality rate of COVID-19 and power of quarantine strategy performed in Wuhan, China",2020,Biometrical Journal,10.1002/bimj.202000116,Extraction not feasible due to quality issues
"Rajendran S, Jayagopal P",Accessing Covid19 epidemic outbreak in Tamilnadu and the impact of lockdown through epidemiological models and dynamic systems,2020,Measurement,10.1016/j.measurement.2020.108432,Extraction not feasible due to quality issues
"Dighe A, Cattarino L, Cuomo-Dannenburg G, Skarp J, Imai N, Bhatia S, Gaythorpe KAM, Ainslie KEC, Baguelin M, Bhatt S, Boonyasiri A, Brazeau NF, Cooper LV, Coupland H, Cucunuba Z, Dorigatti I, Eales OD, Van Elsland SL, Fitzjohn RG, Green WD, Haw DJ, Hinsley W, Knock E, Laydon DJ, Mellan T, Mishra S, Nedjati-Gilani G, Nouvellet P, Pons-Salort M, Thompson HA, Unwin HJT, Verity R, Vollmer MAC, Walters CE, Watson OJ, Whittaker C, Whittles LK, Ghani AC, Donnelly CA, Ferguson NM, Riley S",Response to COVID-19 in South Korea and implications for lifting stringent interventions,2020,BMC Medicine,10.1186/s12916-020-01791-8,Use of results from other study
"Hammoumi A, Qesmi R",Impact assessment of containment measure against COVID-19 spread in Morocco,2020,"Chaos, Solitons and Fractals",10.1016/j.chaos.2020.110231,Only simulation of NPI effects in hypothetical scenarios
De Visscher A,The COVID-19 pandemic: model-based evaluation of non-pharmaceutical interventions and prognoses,2020,Nonlinear Dynamics,10.1007/s11071-020-05861-7,Different research objective than assessment of NPI effects
"Al Zobbi M, Alsinglawi B, Mubin O, Alnajjar F",Measurement Method for Evaluating the Lockdown Policies during the COVID-19 Pandemic,2020,International Journal of Environmental Research and Public Health,10.3390/ijerph17155574,Extraction not feasible due to quality issues
"Choi S, Ki M",Estimating the reproductive number and the outbreak size of COVID-19 in Korea,2020,Epidemiology and health,10.4178/epih.e2020011,Only simulation of NPI effects in hypothetical scenarios
"Costantino V, Heslop DJ, MacIntyre CR",The effectiveness of full and partial travel bans against COVID-19 spread in Australia for travellers from China during and after the epidemic peak in China,2020,Journal of travel medicine,10.1093/jtm/taaa081,Only simulation of NPI effects in hypothetical scenarios
"Wei Y, Wang J, Song W, Xiu C, Ma L, Pei T",Spread of COVID-19 in China: analysis from a city-based epidemic and mobility model,2020,Cities,10.1016/j.cities.2020.103010,Only simulation of NPI effects in hypothetical scenarios
"Lhous M, Zakary O, Rachik M, Magri EM, Tridane A",Optimal containment control strategy of the second phase of the covid-19 lockdown in morocco,2020,Applied Sciences (Switzerland),10.3390/app10217559,Only simulation of NPI effects in hypothetical scenarios
"Ruktanonchai NW, Floyd JR, Lai S, Ruktanonchai CW, Sadilek A, Rente-Lourenco P, Ben X, Carioli A, Gwinn J, Steele JE, Prosper O, Schneider A, Oplinger A, Eastham P, Tatem AJ",Assessing the impact of coordinated COVID-19 exit strategies across Europe,2020,Science,10.1126/science.abc5096,Only simulation of NPI effects in hypothetical scenarios
"Zhou WK, Wang AL, Xia F, Xiao YN, Tang SY",Effects of media reporting on mitigating spread of COVID-19 in the early phase of the outbreak,2020,Mathematical biosciences and engineering,10.3934/mbe.2020147,Different research objective than assessment of NPI effects
"Olfatifar M, Houri H, Shojaee S, Pourhoseingholi MA, Alali WQ, Busani L, Ashtari S, Shahrokh S, Vahedian A, Aghdaei HA",The Required Confronting Approaches Efficacy and Time to Control COVID-19 Outbreak in Iran,2020,Archives ff Clinical Infectious Diseases,10.5812/archcid.102633,Only simulation of NPI effects in hypothetical scenarios
"Wang PP, Zheng XQ, Ai G, Liu DY, Zhu BR","Time series prediction for the epidemic trends of COVID-19 using the improved LSTM deep learning method: Case studies in Russia, Peru and Iran",2020,Chaos Solitons \& Fractals,10.1016/j.chaos.2020.110214,Different research objective than assessment of NPI effects
"Tariq A, Lee Y, Roosa K, Blumberg S, Yan P, Ma S, Chowell G","Real-time monitoring the transmission potential of COVID-19 in Singapore, March 2020",2020,BMC Medicine,10.1186/s12916-020-01615-9,Different research objective than assessment of NPI effects
"Wang KW, Gao J, Wang H, Wu XL, Yuan QF, Guo FY, Zhang ZJ, Cheng Y","Epidemiology of 2019 novel coronavirus in Jiangsu Province, China after wartime control measures: A population-level retrospective study",2020,Travel Medicine and Infectious Disease,10.1016/j.tmaid.2020.101654,Different research objective than assessment of NPI effects
"Rajendrakumar AL, Nair ATN, Nangia C, Chourasia PK, Chourasia MK, Syed MG, Nair AS, Nair AB, Koya MSF",Epidemic Landscape and Forecasting of SARS-CoV-2 in India,2020,Journal of Epidemiology and Global Health,10.2991/jegh.k.200823.001,Different research objective than assessment of NPI effects
"Kosmidis K, Macheras P",A fractal kinetics SI model can explain the dynamics of COVID-19 epidemics,2020,PLOS ONE,10.1371/journal.pone.0237304,Different research objective than assessment of NPI effects
"Ramchandani A, Fan C, Mostafavi A",DeepCOVIDNet: An Interpretable Deep Learning Model for Predictive Surveillance of COVID-19 Using Heterogeneous Features and Their Interactions,2020,IEEE Access,10.1109/ACCESS.2020.3019989,Different research objective than assessment of NPI effects
"Sun J, Chen X, Zhang Z, Lai S, Zhao B, Liu H, Wang S, Huan W, Zhao R, Ng MTA, Zheng Y",Forecasting the long-term trend of COVID-19 epidemic using a dynamic model,2020,Scientific Reports,10.1038/s41598-020-78084-w,Different research objective than assessment of NPI effects
"Kaxiras E, Neofotistos G",Multiple epidemic wave model of the COVID-19 pandemic: Modeling study,2020,Journal of Medical Internet Research,10.2196/20912,Different research objective than assessment of NPI effects
"Bianconi A, Marcelli A, Campi G, Perali A",Ostwald Growth Rate in Controlled Covid-19 Epidemic Spreading as in Arrested Growth in Quantum Complex Matter,2020,Condensed Matter,10.3390/condmat5020023,Different research objective than assessment of NPI effects
"Hong HG, Li Y",Estimation of time-varying reproduction numbers underlying epidemiological processes: A new statistical tool for the COVID-19 pandemic,2020,PLOS ONE,10.1371/journal.pone.0236464,Different research objective than assessment of NPI effects
Pratomo H,From Social Distancing to Physical Distancing: A Challenge for Evaluating Public Health Intervention against COVID-19,2020,Kesmas: National Public Health Journal,10.21109/kesmas.v15i2.4010,Different research objective than assessment of NPI effects
"Bright A, Glynn-Robinson AJ, Kane S, Wright R, Saul N",The effect of COVID-19 public health measures on nationally notifiable diseases in Australia: preliminary analysis,2020,Communicable diseases intelligence,10.33321/cdi.2020.44.85,Different research objective than assessment of NPI effects
"Rotejanaprasert C, Lawpoolsri S, Pan-Ngum W, Maude RJ",Preliminary estimation of temporal and spatiotemporal dynamic measures of COVID- 19 transmission in Thailand,2020,PLOS ONE,10.1371/journal.pone.0239645,Different research objective than assessment of NPI effects
"Medina-Ortiz D, Contreras S, Barrera-Saavedra Y, Cabas-Mora G, Olivera-Nappa Á",Country-Wise Forecast Model for the Effective Reproduction Number R<inf>t</inf> of Coronavirus Disease,2020,Frontiers in Physics,10.3389/fphy.2020.00304,Use of results from other study
"Hassan R, Dosar AS, Mondol JK, Khan TH, Noman AA, Sayem MS, Hasan M, Juyena NS",Prediction of Epidemics Trend of COVID-19 in Bangladesh,2020,Frontiers in Public Health,10.3389/fpubh.2020.559437,Use of results from other study
"Debecker A, Modis T",Poorly known aspects of flattening the curve of COVID-19,2020,Technological Forecasting and Social Change,10.1016/j.techfore.2020.120432,Different research objective than assessment of NPI effects
"Zhang N, Shi T, Zhong H, Guo Y","COVID-19 Prevention and Control Public Health Strategies in Shanghai, China",2020,Journal of public health management and practice : JPHMP,10.1097/PHH.0000000000001202,Different research objective than assessment of NPI effects
"Sun ZB, Zhang H, Yang YF, Wan H, Wang YX",Impacts of geographic factors and population density on the COVID-19 spreading under the lockdown policies of China,2020,Science ff The Total Environment,10.1016/j.scitotenv.2020.141347,Different research objective than assessment of NPI effects
"Ylli A, Wu YY, Burazeri G, Pirkle C, Sentell T",The lower COVID-19 related mortality and incidence rates in Eastern European countries are associated with delayed start of community circulation,2020,PLOS ONE,10.1371/journal.pone.0243411,Different research objective than assessment of NPI effects
"Monllor P, Su Z, Gabrielli L, Taltavull de La Paz P",COVID-19 Infection Process in Italy and Spain: Are Data Talking? Evidence From ARMA and Vector Autoregression Models,2020,Frontiers in Public Health,10.3389/fpubh.2020.550602,Different research objective than assessment of NPI effects
"Faranda D, Alberti T",Modeling the second wave of COVID-19 infections in France and Italy via a stochastic SEIR model,2020,Chaos,10.1063/5.0015943,Only simulation of NPI effects in hypothetical scenarios
"Ozair M, Hussain T, Hussain M, Awan AU, Baleanu D, Abro KA",A Mathematical and Statistical Estimation of Potential Transmission and Severity of COVID-19: A Combined Study of Romania and Pakistan,2020,BioMed Research International,10.1155/2020/5607236,Only simulation of NPI effects in hypothetical scenarios
"Baek YJ, Lee T, Cho Y, Hyun JH, Kim MH, Sohn Y, Kim JH, Ahn JY, Jeong SJ, Ku NS, Yeom JS, Lee J, Choi JY",A mathematical model of COVID-19 transmission in a tertiary hospital and assessment of the effects of different intervention strategies,2020,PLOS ONE,10.1371/journal.pone.0241169,Only simulation of NPI effects in hypothetical scenarios
"Zongo P, Zorom M, Mophou G, Dorville R, Beaumont C",A model of covid-19 transmission to understand the effectiveness of the containment measures: Application to data from France,2020,Epidemiology and Infection,10.1017/S0950268820002162,Only simulation of NPI effects in hypothetical scenarios
"McCombs A, Kadelka C","A model-based evaluation of the efficacy of COVID-19 social distancing, testing and hospital triage policies",2020,PLoS Computational Biology,10.1371/journal.pcbi.1008388,Only simulation of NPI effects in hypothetical scenarios
"Khajji B, Kada D, Balatif O, Rachik M",A multi-region discrete time mathematical modeling of the dynamics of Covid-19 virus propagation using optimal control,2020,Journal of Applied Mathematics and Computing,10.1007/s12190-020-01354-3,Only simulation of NPI effects in hypothetical scenarios
"Varotsos CA, Krapivin VF",A new model for the spread of COVID-19 and the improvement of safety,2020,Safety Science,10.1016/j.ssci.2020.104962,Only simulation of NPI effects in hypothetical scenarios
"Traini MC, Caponi C, Ferrari R, De Socio GV",A study of SARS-CoV-2 epidemiology in Italy: from early days to secondary effects after social distancing,2020,Infectious Diseases,10.1080/23744235.2020.1797157,Only simulation of NPI effects in hypothetical scenarios
"Bentout S, Tridane A, Djilali S, Touaoula TM","Age-Structured Modeling of COVID-19 Epidemic in the USA, UAE and Algeria",2020,Alexandria Engineering Journal,10.1016/j.aej.2020.08.053,Only simulation of NPI effects in hypothetical scenarios
"Kassa SM, Njagarah JBH, Terefe YA",Analysis of the mitigation strategies for COVID-19: From mathematical modelling perspective,2020,"Chaos, Solitons and Fractals",10.1016/j.chaos.2020.109968,Only simulation of NPI effects in hypothetical scenarios
"Zhang Y, Yu X, Sun H, Tick GR, Wei W, Jin B",Applicability of time fractional derivative models for simulating the dynamics and mitigation scenarios of COVID-19,2020,"Chaos, Solitons and Fractals",10.1016/j.chaos.2020.109959,Only simulation of NPI effects in hypothetical scenarios
"Tantrakarnapa K, Bhopdhornangkul B",Challenging the spread of COVID-19 in Thailand,2020,One Health,10.1016/j.onehlt.2020.100173,Only simulation of NPI effects in hypothetical scenarios
"Huang YB, Wu Y, Zhang WD",Comprehensive identification and isolation policies have effectively suppressed the spread of COVID-19,2020,"Chaos, Solitons and Fractals",10.1016/j.chaos.2020.110041,Only simulation of NPI effects in hypothetical scenarios
Girona T,Confinement Time Required to Avoid a Quick Rebound of COVID-19: Predictions From a Monte Carlo Stochastic Model,2020,Frontiers in Physics,10.3389/fphy.2020.00186,Only simulation of NPI effects in hypothetical scenarios
"Marimuthu Y, Nagappa B, Sharma N, Basu S, Chopra KK","COVID-19 and tuberculosis: A mathematical model based forecasting in Delhi, India",2020,Indian Journal of Tuberculosis,10.1016/j.ijtb.2020.05.006,Only simulation of NPI effects in hypothetical scenarios
"Sjödin H, Johansson AF, Brännström Å, Farooq Z, Kriit HK, Wilder-Smith A, Åström C, Thunberg J, Söderquist M, Rocklöv J",COVID-19 healthcare demand and mortality in Sweden in response to non-pharmaceutical mitigation and suppression scenarios,2020,International Journal of Epidemiology,10.1093/ije/dyaa121,Only simulation of NPI effects in hypothetical scenarios
"Gupta SD, Jain R, Bhatnagar S",COVID-19 Pandemic in Rajasthan: Mathematical Modelling and Social Distancing,2020,Journal of Health Management,10.1177/0972063420935537,Only simulation of NPI effects in hypothetical scenarios
"Alrasheed H, Althnian A, Kurdi H, Al-Mgren H, Alharbi S","COVID-19 spread in Saudi Arabia: Modeling, simulation and analysis",2020,International Journal of Environmental Research and Public Health,10.3390/ijerph17217744,Only simulation of NPI effects in hypothetical scenarios
"Wang K, Lu ZZ, Wang XM, Li H, Li HL, Lin DD, Cai YL, Feng X, Song YT, Feng ZW, Ji WD, Wang XY, Yin Y, Wang L, Peng ZH",Current trends and future prediction of novel coronavirus disease (COVID-19) epidemic in China: a dynamical modeling analysis,2020,Mathematical biosciences and engineering,10.3934/mbe.2020173,Only simulation of NPI effects in hypothetical scenarios
"Hu L, Nie LF",Dynamic modeling and analysis of COVID-19 in different transmission process and control strategies,2020,Mathematical Methods in the Applied Sciences,10.1002/mma.6839,Only simulation of NPI effects in hypothetical scenarios
"Kane GQ, Amba MCO, Mbratana T",Early view of the potential impact of government policy responses on reproductive number of COVID-19 in African countries: Evidence from Cameroon,2020,Economics Bulletin,not available,Only simulation of NPI effects in hypothetical scenarios
"Kucharski AJ, Klepac P, Conlan AJK, Kissler SM, Tang ML, Fry H, Gog JR, Edmunds WJ, Emery JC, Medley G, Munday JD, Russell TW, Leclerc QJ, Diamond C, Procter SR, Gimma A, Sun FY, Gibbs HP, Rosello A, van Zandvoort K, Hué S, Meakin SR, Deol AK, Knight G, Jombart T, Foss AM, Bosse NI, Atkins KE, Quilty BJ, Lowe R, Prem K, Flasche S, Pearson CAB, Houben RMGJ, Nightingale ES, Endo A, Tully DC, Liu Y, Villabona-Arenas J, O'Reilly K, Funk S, Eggo RM, Jit M, Rees EM, Hellewell J, Clifford S, Jarvis CI, Abbott S, Auzenbergs M, Davies NG, Simons D","Effectiveness of isolation, testing, contact tracing, and physical distancing on reducing transmission of SARS-CoV-2 in different settings: a mathematical modelling study",2020,The Lancet Infectious Diseases,10.1016/S1473-3099(20)30457-6,Only simulation of NPI effects in hypothetical scenarios
"Wang X, Du Z, Huang G, Pasco RF, Fox SJ, Galvani AP, Pignone M, Claiborne Johnston S, Meyers LA",Effects of cocooning on coronavirus disease rates after relaxing social distancing,2020,Emerging Infectious Diseases,10.3201/EID2612.201930,Only simulation of NPI effects in hypothetical scenarios
"Murillo MFM, Murillo WAM, Pandey D","Efficient Prediction and Analysis of the possible evolution of the SARS-CoV-2 in COVID-19 applying the SEIR model in Santo Domingo de los Tsachilas, Ecuador",2020,Enfoque UTE,10.29019/enfoqueute.v11n4.678,Only simulation of NPI effects in hypothetical scenarios
"Azanza Ricardo CL, Hernandez-Vargas EA",Epidemiological Characteristics of COVID-19 in Mexico and the Potential Impact of Lifting Confinement Across Regions,2020,Frontiers in Physics,10.3389/fphy.2020.573322,Only simulation of NPI effects in hypothetical scenarios
"Matrajt L, Leung T",Evaluating the effectiveness of social distancing interventions to delay or flatten the epidemic curve of Coronavirus disease,2020,Emerging Infectious Diseases,10.3201/eid2608.201093,Only simulation of NPI effects in hypothetical scenarios
"Aleta A, Moreno Y",Evaluation of the potential incidence of COVID-19 and effectiveness of containment measures in Spain: A data-driven approach,2020,BMC Medicine,10.1186/s12916-020-01619-5,Only simulation of NPI effects in hypothetical scenarios
"Su L, Hong N, Zhou X, He J, Ma Y, Jiang H, Han L, Chang F, Shan G, Zhu W, Long Y",Evaluation of the Secondary Transmission Pattern and Epidemic Prediction of COVID-19 in the Four Metropolitan Areas of China,2020,Frontiers in Medicine,10.3389/fmed.2020.00171,Only simulation of NPI effects in hypothetical scenarios
"Leung K, Wu JT, Liu D, Leung GM","First-wave COVID-19 transmissibility and severity in China outside Hubei after control measures, and second-wave scenario planning: a modelling impact assessment",2020,The Lancet,10.1016/S0140-6736(20)30746-7,Only simulation of NPI effects in hypothetical scenarios
"Yoo S, Managi S",Global mortality benefits of COVID-19 action,2020,Technological Forecasting And Social Change,10.1016/j.techfore.2020.120231,Only simulation of NPI effects in hypothetical scenarios
"Tatapudi H, Das R, Das TK","Impact assessment of full and partial stay-at-home orders, face mask usage, and contact tracing: An agent-based simulation study of COVID-19 for an urban region",2020,Global Epidemiology,10.1016/j.gloepi.2020.100036,Only simulation of NPI effects in hypothetical scenarios
"Alrashed S, Min-Allah N, Saxena A, Ali I, Mehmood R",Impact of lockdowns on the spread of COVID-19 in Saudi Arabia,2020,Informatics in Medicine Unlocked,10.1016/j.imu.2020.100420,Only simulation of NPI effects in hypothetical scenarios
"Awaidy SA, Mahomed O",Impact of non-pharmaceutical interventions on the COVID-19 epidemic: A modelling study,2020,SAGE Open Medicine,10.1177/2050312120979462,Only simulation of NPI effects in hypothetical scenarios
"Wang X, Pasco RF, Du Z, Petty M, Fox SJ, Galvani AP, Pignone M, Claiborne Johnston S, Meyers LA","Impact of social distancing measures on coronavirus disease healthcare demand, central Texas, USA",2020,Emerging Infectious Diseases,10.3201/eid2610.201702,Only simulation of NPI effects in hypothetical scenarios
"Pernice S, Castagno P, Marcotulli L, Maule MM, Richiardi L, Moirano G, Sereno M, Cordero F, Beccuti M",Impacts of reopening strategies for COVID-19 epidemic: a modeling study in Piedmont region,2020,BMC Infectious Diseases,10.1186/s12879-020-05490-w,Only simulation of NPI effects in hypothetical scenarios
"Bemanian A, Ahn KW, O'Brien M, Rausch DJ, Weston B, Beyer KMM",Investigating the Trajectory of the COVID-19 Outbreak in Milwaukee County and Projected Effects of Relaxed Distancing,2020,WMJ,not available,Only simulation of NPI effects in hypothetical scenarios
"Linka K, Rahman P, Goriely A, Kuhl E",Is it safe to lift COVID-19 travel bans? The Newfoundland story,2020,Computational Mechanics,10.1007/s00466-020-01899-x,Only simulation of NPI effects in hypothetical scenarios
"Tocto-Erazo MR, Espíndola-Zepeda JA, Montoya-Laos JA, Acuña-Zegarra MA, Olmos-Liceaga D, Reyes-Castro PA, FigueroaPreciado G","Lockdown, relaxation, and acme period in COVID-19: A study of disease dynamics in Hermosillo, Sonora, Mexico",2020,PLOS ONE,10.1371/journal.pone.0242957,Only simulation of NPI effects in hypothetical scenarios
Jackson ML,Low-impact social distancing interventions to mitigate local epidemics of SARS-CoV-2,2020,Microbes and Infection,10.1016/j.micinf.2020.09.006,Only simulation of NPI effects in hypothetical scenarios
"Rǎdulescu A, Williams C, Cavanagh K",Management strategies in a SEIR-type model of COVID 19 community spread,2020,Scientific Reports,10.1038/s41598-020-77628-4,Only simulation of NPI effects in hypothetical scenarios
"Ngonghala CN, Iboi E, Eikenberry S, Scotch M, MacIntyre CR, Bonds MH, Gumel AB",Mathematical assessment of the impact of non-pharmaceutical interventions on curtailing the 2019 novel Coronavirus,2020,Mathematical Biosciences,10.1016/j.mbs.2020.108364,Only simulation of NPI effects in hypothetical scenarios
"Kim BN, Kim E, Lee S, Oh C","Mathematical model of covid-19 transmission dynamics in South Korea: The impacts of travel restrictions, social distancing, and early detection",2020,Processes,10.3390/pr8101304,Only simulation of NPI effects in hypothetical scenarios
"Olaniyi S, Obabiyi OS, Okosun KO, Oladipo AT, Adewale SO",Mathematical modelling and optimal cost-effective control of COVID-19 transmission dynamics,2020,European Physical Journal Plus,10.1140/epjp/s13360-020-00954-z,Only simulation of NPI effects in hypothetical scenarios
"Jiang S, Li Q, Li C, Liu S, He X, Wang T, Li H, Corpe C, Zhang X, Xu J, Wang J","Mathematical models for devising the optimal SARS-CoV-2 strategy for eradication in China, South Korea, and Italy",2020,Journal of Translational Medicine,10.1186/s12967-020-02513-7,Only simulation of NPI effects in hypothetical scenarios
"Giordano G, Blanchini F, Bruno R, Colaneri P, Di Filippo A, Di Matteo A, Colaneri M",Modelling the COVID-19 epidemic and implementation of population-wide interventions in Italy,2020,Nature Medicine,10.1038/s41591-020-0883-7,Only simulation of NPI effects in hypothetical scenarios
"Volpert V, Banerjee M, Petrovskii S",On a quarantine model of coronavirus infection and data analysis,2020,Mathematical Modelling of Natural Phenomena,10.1051/mmnp/2020006,Only simulation of NPI effects in hypothetical scenarios
"Milhinhos A, Costa PM",On the Progression of COVID-19 in Portugal: A Comparative Analysis of Active Cases Using Non-linear Regression,2020,Frontiers in Public Health,10.3389/fpubh.2020.00495,Only simulation of NPI effects in hypothetical scenarios
"Razzaq OA, Rehman DU, Khan NA, Ahmadian A, Ferrara M",Optimal surveillance mitigation of COVID'19 disease outbreak: Fractional order optimal control of compartment model,2020,Results in Physics,10.1016/j.rinp.2020.103715,Only simulation of NPI effects in hypothetical scenarios
"Peirlinck M, Linka K, Sahli Costabal F, Kuhl E",Outbreak dynamics of COVID-19 in China and the United States,2020,Biomechanics and Modeling in Mechanobiology,10.1007/s10237-020-01332-5,Only simulation of NPI effects in hypothetical scenarios
"Sy C, Bernardo E, Miguel A, San Juan JL, Mayol AP, Ching PM, Culaba A, Ubando A, Mutuc JE",Policy Development for Pandemic Response Using System Dynamics: a Case Study on COVID-19,2020,Process Integration and Optimization for Sustainability,10.1007/s41660-020-00130-x,Only simulation of NPI effects in hypothetical scenarios
"Kuniya T, Inaba H","Possible effects of mixed prevention strategy for COVID-19 epidemic: massive testing, quarantine and social distancing",2020,AIMS Public Health,10.3934/publichealth.2020040,Only simulation of NPI effects in hypothetical scenarios
"DeFries R, Agarwala M, Baquie S, Choksi P, Dogra N, Preetha GS, Khanwilkar S, Mondal P, Nagendra H, Urpelainen J",Post-lockdown spread of COVID-19 from cities to vulnerable forest-fringe villages in Central India,2020,Current Science,10.18520/cs/v119/i1/52-58,Only simulation of NPI effects in hypothetical scenarios
"Hogan AB, Jewell BL, Sherrard-Smith E, Vesga JF, Watson OJ, Whittaker C, Hamlet A, Smith JA, Winskill P, Verity R, Baguelin M, Lees JA, Whittles LK, Ainslie KEC, Bhatt S, Boonyasiri A, Brazeau NF, Cattarino L, Cooper LV, Coupland H, Cuomo-Dannenburg G, Dighe A, Djaafara BA, Donnelly CA, Eaton JW, van Elsland SL, FitzJohn RG, Fu H, Gaythorpe KAM, Green W, Haw DJ, Hayes S, Hinsley W, Imai N, Laydon DJ, Mangal TD, Mellan TA, Mishra S, Nedjati-Gilani G, Parag KV, Thompson HA, Unwin HJT, Vollmer MAC, Walters CE, Wang HW, Wang YR, Xi XY, Ferguson NM, Okell LC, Churcher TS, Arinaminpathy N, Ghani AC, Walker PGT, Hallett TB","Potential impact of the COVID-19 pandemic on HIV, tuberculosis, and malaria in low-income and middle-income countries: a modelling study",2020,Lancet Global Health,10.1016/S2214-109X(20)30288-6,Only simulation of NPI effects in hypothetical scenarios
"Guzzetta G, Poletti P, Ajelli M, Trentini F, Marziano V, Cereda D, Tirani M, Diurno G, Bodina A, Barone A, Crottogini L, Gramegna M, Melegaro A, Merler S","Potential short-term outcome of an uncontrolled COVID-19 epidemic in Lombardy, Italy, February to March 2020",2020,Eurosurveillance,10.2807/1560-7917.ES.2020.25.12.2000293,Only simulation of NPI effects in hypothetical scenarios
"Rivera-Rodriguez C, Urdinola BP","Predicting Hospital Demand During the COVID-19 Outbreak in Bogota, Colombia",2020,Frontiers in Public Health,10.3389/fpubh.2020.582706,Only simulation of NPI effects in hypothetical scenarios
"Pais RJ, Taveira N",Predicting the evolution and control of the COVID-19 pandemic in Portugal,2020,F1000Research,10.12688/f1000research.23401.2,Only simulation of NPI effects in hypothetical scenarios
"Nkwayep CH, Bowong S, Tewa JJ, Kurths J",Short-term forecasts of the COVID-19 pandemic: a study case of Cameroon,2020,"Chaos, Solitons and Fractals",10.1016/j.chaos.2020.110106,Only simulation of NPI effects in hypothetical scenarios
"Mahdizadeh Gharakhanlou N, Hooshangi N","Spatio-temporal simulation of the novel coronavirus (COVID-19) outbreak using the agent-based modeling approach (case study: Urmia, Iran)",2020,Informatics in Medicine Unlocked,10.1016/j.imu.2020.100403,Only simulation of NPI effects in hypothetical scenarios
"Chen S, Li Q, Gao S, Kang Y, Shi X",State-specific projection of COVID-19 infection in the United States and evaluation of three major control measures,2020,Scientific Reports,10.1038/s41598-020-80044-3,Only simulation of NPI effects in hypothetical scenarios
"Schneider KA, Ngwa GA, Schwehm M, Eichner L, Eichner M",The COVID-19 pandemic preparedness simulation tool: CovidSIM,2020,BMC Infectious Diseases,10.1186/s12879-020-05566-7,Only simulation of NPI effects in hypothetical scenarios
"Kheirallah KA, Alsinglawi B, Alzoubi A, Saidan MN, Mubin O, Alorjani MS, Mzayek F",The effect of strict state measures on the epidemiologic curve of covid-19 infection in the context of a developing country: A simulation from Jordan,2020,International Journal of Environmental Research and Public Health,10.3390/ijerph17186530,Only simulation of NPI effects in hypothetical scenarios
"Hou C, Chen JX, Zhou YQ, Hua L, Yuan JX, He S, Guo Y, Zhang S, Jia QW, Zhao CH, Zhang J, Xu GX, Jia EZ",The effectiveness of quarantine of Wuhan city against the Corona Virus Disease 2019 (COVID-19): A well-mixed SEIR model analysis,2020,Journal of Medical Virology,10.1002/jmv.25827,Only simulation of NPI effects in hypothetical scenarios
"Zhang K, Vilches TN, Tariq M, Galvani AP, Moghadas SM",The impact of mask-wearing and shelter-in-place on COVID-19 outbreaks in the United States,2020,International Journal of Infectious Diseases,10.1016/j.ijid.2020.10.002,Only simulation of NPI effects in hypothetical scenarios
"Cabore JW, Karamagi HC, Kipruto H, Asamani JA, Droti B, Seydi ABW, Titi-Ofei R, Impouma B, Yao M, Yoti Z, Zawaira F, Tumusiime P, Talisuna A, Kasolo FC, Moeti MR",The potential effects of widespread community transmission of SARS-CoV-2 infection in the World Health Organization African Region: A predictive model,2020,BMJ Global Health,10.1136/bmjgh-2020-002647,Only simulation of NPI effects in hypothetical scenarios
"Godin A, Xia Y, Buckeridge DL, Mishra S, Douwes-Schultz D, Shen Y, Lavigne M, Drolet M, Schmidt AM, Brisson M, Maheu-Giroux M",The role of case importation in explaining differences in early SARS-CoV-2 transmission dynamics in Canada—A mathematical modeling study of surveillance data,2020,International Journal of Infectious Diseases,10.1016/j.ijid.2020.10.046,Only simulation of NPI effects in hypothetical scenarios
Ng WL,To lockdown? When to peak? Will there be an end? A macroeconomic analysis on COVID-19 epidemic in the United States,2020,Journal of Macroeconomics,10.1016/j.jmacro.2020.103230,Only simulation of NPI effects in hypothetical scenarios
"Gul S, Tuncay K, Binici B, Aydin BB","Transmission dynamics of Covid-19 in Italy, Germany and Turkey considering social distancing, testing and quarantine",2020,Journal of Infection in Developing Countries,10.3855/jidc.12844,Only simulation of NPI effects in hypothetical scenarios
"Zu J, Li ML, Li ZF, Shen MW, Xiao YN, Ji FP",Transmission patterns of COVID-19 in the mainland of China and the efficacy of different control strategies: a data- And model-driven study,2020,Infectious Diseases of Poverty,10.1186/s40249-020-00709-z,Only simulation of NPI effects in hypothetical scenarios
"Nuzzo A, Tan CO, Raskar R, DeSimone DC, Kapa S, Gupta R",Universal Shelter-in-Place Versus Advanced Automated Contact Tracing and Targeted Isolation: A Case for 21st-Century Technologies for SARS-CoV-2 and Future Pandemics,2020,Mayo Clinic Proceedings,10.1016/j.mayocp.2020.06.027,Only simulation of NPI effects in hypothetical scenarios
"Overton CE, Stage HB, Ahmad S, Curran-Sebastian J, Dark P, Das R, Fearon E, Felton T, Fyles M, Gent N, Hall I, House T, Lewkowicz H, Pang X, Pellis L, Sawko R, Ustianowski A, Vekaria B, Webb L",Using statistics and mathematical modelling to understand infectious disease outbreaks: COVID-19 as an example,2020,Infectious Disease Modelling,10.1016/j.idm.2020.06.008,Only simulation of NPI effects in hypothetical scenarios
"Nawaz A, Su X, Iqbal S, Zahoor H, Asad A, Asghar S, Basit F, Barkat MQ, Souhail A, Raheel Shah SA",Validating a Phenomenological Mathematical Model for Public Health and Safety Interventions Influencing the Evolutionary Stages of Recent Outbreak for Long-Term and Short-Term Domains in Pakistan,2020,Complexity,10.1155/2020/8866071,Only simulation of NPI effects in hypothetical scenarios
"Singh A, Chandra SK, Bajpai MK",Study of non-pharmacological interventions on covid-19 spread,2020,CMES - Computer Modeling in Engineering and Sciences,10.32604/cmes.2020.011601,Only simulation of NPI effects in hypothetical scenarios
"Taboe HB, Salako KV, Tison JM, Ngonghala CN, Glèlè Kakaï R",Predicting COVID-19 spread in the face of control measures in West Africa,2020,Mathematical Biosciences,10.1016/j.mbs.2020.108431,Only simulation of NPI effects in hypothetical scenarios
"Pan J, Tian J, Xiong H, Liu Z, Yao Y, Wang Y, Zhu W, Wang Y, Wang W",Risk assessment and evaluation of China's policy to prevent COVID-19 cases imported by plane,2020,PLoS neglected tropical diseases,10.1371/journal.pntd.0008908,Only simulation of NPI effects in hypothetical scenarios
"Rainisch G, Undurraga EA, Chowell G",A dynamic modeling tool for estimating healthcare demand from the COVID19 epidemic and evaluating population-wide interventions,2020,International Journal of Infectious Diseases,10.1016/j.ijid.2020.05.043,Only simulation of NPI effects in hypothetical scenarios
"Imai N, Gaythorpe KAM, Abbott S, Bhatia S, van Elsland S, Prem K, Liu Y, Ferguson NM",Adoption and impact of non-pharmaceutical interventions for COVID-19,2020,Wellcome Open Research,10.12688/wellcomeopenres.15808.1,Use of results from other study
"Hossain MP, Junus A, Zhu X, Jia P, Wen TH, Pfeiffer D, Yuan HY",The effects of border control and quarantine measures on the spread of COVID-19,2020,Epidemics,10.1016/j.epidem.2020.100397,Only simulation of NPI effects in hypothetical scenarios
"Maziarz M, Zach M",Agent-based modelling for SARS-CoV-2 epidemic prediction and intervention assessment: A methodological appraisal,2020,Journal of Evaluation in Clinical Practice,10.1111/jep.13459,Different research objective than assessment of NPI effects
"Feng LX, Jing SL, Hu SK, Wang DF, Huo HF",Modelling the effects of media coverage and quarantine on the COVID-19 infections in the UK,2020,Mathematical Biosciences and Engineering,10.3934/MBE.2020204,Only simulation of NPI effects in hypothetical scenarios
"Lupu D, Maha LG, Viorică ED",Covid-19 incidence in europe: Drivers and government interventions,2020,Transylvanian Review of Administrative Sciences,10.24193/tras.SI2020.5,Different research objective than assessment of NPI effects
"Ponjavić M, Karabegović A, Ferhatbegović E, Tahirović E, Uzunović S, Travar M, Pilav A, Mulić M, Karakaš S, Avdić N, Mulabdić Z, Pavić G, Bičo M, Vasilj I, Mamić D, Hukić M",Spatio-temporal data visualization for monitoring of control measures in the prevention of the spread of COVID-19 in Bosnia and Herzegovina,2020,Medicinski Glasnik,10.17392/1215-20,Different research objective than assessment of NPI effects
"Cao S, Feng P, Shi P",Study on the epidemic development of COVID-19 in Hubei province by a modified SEIR model,2020,Journal of Zhejiang University,not available,Not available in English language
"Iboi EA, Sharomi O, Ngonghala CN, Gumel AB",Mathematical modeling and analysis of COVID-19 pandemic in Nigeria,2020,Mathematical Biosciences and Engineering,10.3934/MBE.2020369,Only simulation of NPI effects in hypothetical scenarios
"Zhou YM, Li J, Ye LJ, Chen ZG, Luo QS, Wu XD, Ni HY",Random Network Transmission and Countermeasures in Containing Global Spread of COVID-19-Alike Pandemic: A Hybrid Modelling Approach,2020,Complexity,10.1155/2020/6703703,Different research objective than assessment of NPI effects
"Zhu HJ, Li Y, Jin XL, Huang JP, Liu X, Qian Y, Tan JD",Transmission dynamics and control methodology of COVID-19: A modeling study,2020,Applied Mathematical Modelling,10.1016/j.apm.2020.08.056,Only simulation of NPI effects in hypothetical scenarios
"Saldaña F, Flores-Arguedas H, Camacho-Gutiérrez JA, Barradas I",Modeling the transmission dynamics and the impact of the control interventions for the COVID-19 epidemic outbreak,2020,Mathematical biosciences and engineering,10.3934/mbe.2020231,Only simulation of NPI effects in hypothetical scenarios
"Kimathi M, Mwalili S, Ojiambo V, Gathungu DK",Age-structured model for COVID-19: Effectiveness of social distancing and contact reduction in Kenya,2020,Infectious Disease Modelling,10.1016/j.idm.2020.10.012,Only simulation of NPI effects in hypothetical scenarios
"Yang JY, Wang GQ, Zhang S",Impact of household quarantine on SARS-Cov-2 infection in mainland China: A mean-field modelling approach,2020,Mathematical biosciences and engineering,10.3934/mbe.2020248,Only simulation of NPI effects in hypothetical scenarios
"Kim S, Kim YJ, Peck KR, Jung E",School Opening Delay Effect on Transmission Dynamics of Coronavirus Disease 2019 in Korea: Based on Mathematical Modeling and Simulation Study,2020,Journal of Korean medical science,10.3346/jkms.2020.35.e143,Only simulation of NPI effects in hypothetical scenarios
"Zhou L, Liu JM, Dong XP, McGoogan JM, Wu ZY",COVID-19 seeding time and doubling time model: An early epidemic risk assessment tool,2020,Infectious Diseases of Poverty,10.1186/s40249-020-00685-4,Different research objective than assessment of NPI effects
"Tang B, Scarabel F, Bragazzi NL, McCarthy Z, Glazer M, Xiao Y, Heffernan JM, Asgary A, Ogden NH, Wu J","De-escalation by reversing the escalation with a stronger synergistic package of contact tracing, quarantine, isolation and personal protection: Feasibility of preventing a covid-19 rebound in Ontario, Canada, as a case study",2020,Biology,10.3390/biology9050100,Only simulation of NPI effects in hypothetical scenarios
"Chang SL, Harding N, Zachreson C, Cliff OM, Prokopenko M",Modelling transmission and control of the COVID-19 pandemic in Australia,2020,Nature Communications,10.1038/s41467-020-19393-6,Only simulation of NPI effects in hypothetical scenarios
"Arino J, Bajeux N, Portet S, Watmough J",Quarantine and the risk of COVID-19 importation,2020,Epidemiology and Infection,10.1017/S0950268820002988,Only simulation of NPI effects in hypothetical scenarios
"Castilho C, Gondim JAM, Marchesin M, Sabeti M",Assessing the efficiency of different control strategies for the covid-19 epidemic,2020,Electronic Journal of Differential Equations,not available,Only simulation of NPI effects in hypothetical scenarios
"Jia JW, Ding J, Liu SY, Liao GD, Li JZ, Duan B, Wang GQ, Zhang R",Modeling the control of Covid-19: Impact of policy interventions and meteorological factors,2020,Electronic Journal Of Differential Equations,not available,Only simulation of NPI effects in hypothetical scenarios
"Biswas SK, Ghosh JK, Sarkar S, Ghosh U",COVID-19 pandemic in India: a mathematical model study,2020,Nonlinear Dynamics,10.1007/s11071-020-05958-z,Different research objective than assessment of NPI effects
"Bouchnita A, Jebrane A",A hybrid multi-scale model of COVID-19 transmission dynamics to assess the potential of non-pharmaceutical interventions,2020,"Chaos, Solitons and Fractals",10.1016/j.chaos.2020.109941,Only simulation of NPI effects in hypothetical scenarios
"Cano OB, Morales SC, Bendtsen C",Covid-19 modelling: The effects of social distancing,2020,Interdisciplinary Perspectives on Infectious Diseases,10.1155/2020/2041743,Only simulation of NPI effects in hypothetical scenarios
"Mahajan P, Kaushal J",Epidemic Trend of COVID-19 Transmission in India During Lockdown-1 Phase,2020,Journal of community health,10.1007/s10900-020-00863-3,Different research objective than assessment of NPI effects
"Gountas I, Hillas G, Souliotis K","Act early, save lives: managing COVID-19 in Greece",2020,Public Health,10.1016/j.puhe.2020.08.016,Only simulation of NPI effects in hypothetical scenarios
"Buonomo, B., Della Marca, R.",Effects of information-induced behavioural changes during the COVID-19 lockdowns: The case of Italy: COVID-19 lockdowns and behavioral change,2020,Royal Society Open Science,10.1098/rsos.201635rsos201635,Only simulation of NPI effects in hypothetical scenarios
"Grossman G., Kim S., Rexer J.M., Thirumurthy H.",Political partisanship influences behavioral responses to governors' recommendations for COVID-19 prevention in the United States,2020,Proceedings of the National Academy of Sciences of the United States of America,10.1073/pnas.2007835117,Different research objective than assessment of NPI effects
